-- phpMyAdmin SQL Dump
-- version 5.2.1
-- https://www.phpmyadmin.net/
--
-- Host: 127.0.0.1
-- Generation Time: ספטמבר 16, 2025 בזמן 11:02 AM
-- גרסת שרת: 10.4.32-MariaDB
-- PHP Version: 8.2.12

SET SQL_MODE = "NO_AUTO_VALUE_ON_ZERO";
START TRANSACTION;
SET time_zone = "+00:00";


/*!40101 SET @OLD_CHARACTER_SET_CLIENT=@@CHARACTER_SET_CLIENT */;
/*!40101 SET @OLD_CHARACTER_SET_RESULTS=@@CHARACTER_SET_RESULTS */;
/*!40101 SET @OLD_COLLATION_CONNECTION=@@COLLATION_CONNECTION */;
/*!40101 SET NAMES utf8mb4 */;

--
-- Database: `bidsmart`
--

-- --------------------------------------------------------

--
-- מבנה טבלה עבור טבלה `categories`
--

CREATE TABLE `categories` (
  `id` int(11) NOT NULL,
  `name` varchar(100) NOT NULL
) ENGINE=InnoDB DEFAULT CHARSET=utf8mb4 COLLATE=utf8mb4_general_ci;

--
-- הוצאת מידע עבור טבלה `categories`
--

INSERT INTO `categories` (`id`, `name`) VALUES
(1, 'אלקטרוניקה'),
(3, 'ריהוט'),
(4, 'ספורט'),
(5, 'משחקים'),
(6, 'אחר'),
(7, 'מוצרים לבית'),
(8, 'פרטי אספנות'),
(9, 'לבוש');

-- --------------------------------------------------------

--
-- מבנה טבלה עבור טבלה `product`
--

CREATE TABLE `product` (
  `product_id` int(11) NOT NULL,
  `product_name` varchar(100) NOT NULL,
  `start_date` datetime DEFAULT NULL,
  `end_time` time NOT NULL DEFAULT '00:10:00',
  `is_live` tinyint(1) DEFAULT 0,
  `current_price` decimal(10,2) DEFAULT 0.00,
  `last_bid_time` datetime DEFAULT NULL,
  `winner_id_number` varchar(20) DEFAULT NULL,
  `price` decimal(10,2) NOT NULL,
  `description` text DEFAULT NULL,
  `seller_id_number` varchar(20) NOT NULL,
  `product_status` enum('for sale','sale','Not sold','blocked','admin blocked') NOT NULL,
  `bid_increment` int(11) NOT NULL DEFAULT 10,
  `category_id` int(11) NOT NULL,
  `subcategory_id` int(11) NOT NULL,
  `price_before_vat` decimal(10,2) DEFAULT NULL
) ENGINE=InnoDB DEFAULT CHARSET=utf8mb4 COLLATE=utf8mb4_general_ci;

--
-- הוצאת מידע עבור טבלה `product`
--

INSERT INTO `product` (`product_id`, `product_name`, `start_date`, `end_time`, `is_live`, `current_price`, `last_bid_time`, `winner_id_number`, `price`, `description`, `seller_id_number`, `product_status`, `bid_increment`, `category_id`, `subcategory_id`, `price_before_vat`) VALUES
(37, 'אייפון 16 פרו מקס', '2025-08-31 22:34:00', '00:15:00', 1, 4600.00, '2025-08-31 19:34:31', '212759575', 4500.00, '16 פרו מקס', '208083469', 'sale', 10, 1, 25, 3735.00),
(38, ' BYD אטו 3', '2025-09-10 13:00:00', '00:15:00', 1, 250000.00, NULL, NULL, 250000.00, 'רכב חשמלי BYD ', '208083469', 'Not sold', 10, 9, 27, 207500.00),
(39, 'אופניים חשמליים', '2025-08-11 13:37:00', '00:15:00', 1, 3740.00, '2025-08-11 13:37:50', '123454231', 3520.00, 'אופניים חשמליים במצב חדש למכירה ', '208083469', 'sale', 10, 4, 9, 2921.60),
(40, 'מחשב נייד', '2025-09-08 14:37:00', '00:00:30', 1, 5020.00, NULL, NULL, 5020.00, 'מחשב נייד גיימינג Lenovo IdeaPad LOQ 15.6\" FHD 144Hz i7-13650HX/16GB/512GB NVME/NVIDIA® GeForce RTX™ 4050 6GB/WIN 11 HOME/3Y 83DV00CKIV', '208083469', 'Not sold', 10, 1, 33, 4166.60),
(42, 'מיקסר חשמלי', '2025-08-26 11:59:00', '00:15:00', 1, 3320.00, '2025-08-26 09:00:29', '12345232', 3020.00, 'מיקסר חשמלי למטבח', '208083469', 'sale', 50, 6, 13, 2506.60),
(43, ' ספה מודולרית מבד אריג רחיץ דוחה כתמים דגם פלאנט', '2025-08-25 13:00:00', '00:15:00', 1, 6000.00, NULL, NULL, 6000.00, 'ספה מודולרית דגם פלאנט היא פתרון מושלם עבור מי שמעוניין בנוחות, גמישות ועיצוב מודרני. הספה מאפשרת לכם למקם את צד השזלונג באיזה צד שתרצו, והמעבר מתבצע בקלות רבה, הודות להחלפת הכריות וההדום.\r\n\r\nהבסיס עשוי מעץ מלא וחזק, מה שמבטיח יציבות ועמידות לאורך זמן. רגלי הספה עשויות PVC יצוק קשיח, העמידות לנזקי מים ומגנות על הרצפה מפני שריטות.', '208083469', 'Not sold', 10, 3, 7, 4980.00),
(44, 'ספה פינתית 300 ס\"מ ימין בד כחול ג\'ינס דגם בוקסי', '2025-09-10 13:00:00', '00:15:00', 1, 4000.00, NULL, NULL, 4000.00, 'ספה פינתית דגם בוקסי מעוצבת בקו רך ונקי בעלת מסעדי ידיים רחבים שלא תרצו לקום ממנה.\r\nגוף הספה בנוי מעץ אורן מלא מהוקצע בשילוב רצועות גומי אלסטיות וגמישות בצורת שתי וערב לתמיכה מלאה למושבים. הספה מיוצרת בישראל. ריפוד נעים למגע בגוון כחול הנותן לספה מראה יוקרתי ועשיר.', '208083469', 'Not sold', 10, 3, 7, 3320.00),
(45, 'קרייזלר ראם מודל 2021', '2025-09-10 13:00:00', '00:15:00', 1, 60000.00, NULL, NULL, 60000.00, '\r\n195,960 ק\"מ, יד נוכחית: ראשונה, בעלות נוכחית: חברה בע\"מ. תיבת הילוכים: אוטומטי צבע: שחור, מנוע: דיזל, נפח מנוע: 6,690 סמ\"ק, הנעה: 4x4, תוספות: ראה פירוט ברישיון, מפתח: יש.', '208083469', 'Not sold', 10, 6, 13, 49800.00),
(47, 'מכשיר סודהסטרים', '2025-09-09 16:26:00', '00:15:00', 0, 2010.00, '2025-09-09 13:26:03', '123454231', 2000.00, 'מתאים להגזה בבקבוקי סודהסטרים הבאים: בקבוק 1 ליטר - כמות מים להגזה עד קו המילוי כ-0.84 ליטר | בקבוק 0.5 ליטר - כמות מים להגזה עד קו מילוי 0.45 ליטר', '208083469', 'sale', 10, 3, 14, 1660.00),
(48, 'ג\'קוזי', '2025-09-10 13:00:00', '00:15:00', 1, 7000.00, NULL, NULL, 7000.00, '-480\r\nמידות: 239 ס\"מ אורך, 239 ס\"מ רוחב, 99-112 ס\"מ גובה | מתאים ל- 6 אנשים.', '208083469', 'Not sold', 10, 3, 14, 5810.00),
(51, 'מחשב', '2025-09-10 13:00:00', '00:15:00', 1, 4000.00, NULL, NULL, 4000.00, 'מחשב חדש', '208083469', 'Not sold', 10, 1, 33, 3320.00),
(53, 'אייפון 14 פרו מקס', '2025-09-10 13:00:00', '00:15:00', 1, 3000.00, NULL, NULL, 3000.00, 'אייפון 14 חדש', '208083469', 'Not sold', 10, 1, 19, 2490.00),
(58, 'קונסולה Sony PlayStation 5 Slim', '2025-09-10 13:00:00', '00:15:00', 1, 2899.99, NULL, NULL, 2899.99, 'עם PS5 במהדורה דיגיטאלית, השחקנים מקבלים טכנולוגיית משחק עוצמתית, בתוך קונסולה חדשה SLIM בעיצוב קומפקטי ואלגנטי.\r\nשמרו את המשחקים האהובים עליכם מוכנים לשליפה עם כונן אחסון SSD בנפח 1TB מובנה.\r\nהתנסו בטעינה במהירות האור עם כונן SSD אולטרה-מהיר, תחושת אפיפות, משחקיות עמוקה יותר, בקר משחק אלחוטי DualSense‎ עם תמיכה במשוב הפטי, הדקים אדפטיביים ושמע תלת מימד, וכן בדור חדש לחלוטין של משחקי PlayStation מדהימים.', '208083469', 'Not sold', 100, 5, 12, 2406.99),
(59, 'samsung TV', '2025-08-26 11:49:00', '00:15:00', 1, 2650.00, '2025-08-26 08:51:36', '123454231', 2400.00, 'טלוויזיה SAMSUNG סמסונג 65\" 4K דגם UE65DU7100 /7000 *אחריות ע\"י היבואן****', '208083469', 'sale', 50, 1, 32, 1992.00),
(60, 'סט שולחן וארון', '2025-09-08 15:24:00', '00:15:00', 1, 2050.00, '2025-09-08 12:24:03', '123454231', 2000.00, 'פריטי אספנות -שולחן וארון משנת 1980 במצב חדש', '208083469', 'sale', 50, 8, 26, 1660.00),
(61, 'סכין אספנות', '2025-09-10 13:00:00', '00:01:00', 1, 500.00, NULL, NULL, 500.00, 'פריטי אספנות: סכיני אספנות | אולרי אספנות - סכינים למבינים\r\n', '208083469', 'Not sold', 10, 8, 26, 415.00),
(63, 'טלפון', '2025-09-14 12:30:00', '01:00:00', 1, 145280.00, '2025-09-14 09:30:15', '334455444', 145080.00, 'טלפון וינטג\' מקורי בסגנון רטרו\r\nפריט ייחודי שמביא עימו ניחוח נוסטלגי ועיצוב אלגנטי של פעם. עשוי מחומרים איכותיים, עם גימורים קלאסיים שמוסיפים אופי וחן. מושלם לאוסף פריטים ישנים, לתצוגה בבית, או כמתנה לחובבי וינטג\'.\r\nמצב שמור, עם מראה אותנטי שמספר סיפור של תקופה אחרת.', '205960495', 'for sale', 50, 1, 25, 124000.00),
(64, 'משחק פינבול שולחני מעץ ', '2025-08-27 15:17:00', '00:15:00', 1, 1510.00, '2025-08-27 12:17:28', '208083469', 1500.00, 'משחק פינבול ייחודי בעיצוב עץ איכותי, כולל לוח נקודות דיגיטלי ותאורה צבעונית. מושלם לשעות של כיף בבית, מתנה לילדים או לחובבי משחקי רטרו.\r\nהמבנה הקומפקטי מאפשר להציבו בכל מקום – על שולחן בסלון, בחדר משחקים או אפילו במשרד. המוצר מגיע במצב מצוין, מוכן לשימוש ולשעות של הנאה.', '205960495', 'Not sold', 10, 5, 23, 1282.05),
(65, 'אוטו ילדים ונטג\'', '2025-09-11 12:54:00', '00:15:00', 0, 10100.00, '2025-09-11 10:00:00', '334455444', 10000.00, 'מכונית ילדים קלאסית – עיצוב וינטג\' מרהיב\r\nמכונית רכיבה לילדים בסגנון רטרו, עם שלדה חזקה וגימורי כרום מבריקים. מושב מרופד לנוחות מרבית, הגה מסתובב וחוויית נהיגה מהנה לילדים.\r\nהעיצוב האלגנטי משלב נוסטלגיה עם איכות מודרנית – מושלם כצעצוע, כפריט עיצוב לחדר הילדים או כמתנה ייחודית.\r\nמתאימה לילדים מגיל שנה וחצי ומעלה, קלה לשימוש ובטוחה לנסיעה בתוך הבית ומחוצה לו.\r\n\r\nהזדמנות לרכוש מכונית רכיבה קלאסית באיכות גבוהה – פריט שישמח כל ילד!', '205960495', 'sale', 100, 5, 23, 8547.01),
(66, 'רדיו', '2025-08-25 15:33:00', '00:10:00', 1, 18352.00, '2025-08-25 15:34:12', '208083469', 18252.00, 'רדיו וינטג\' קלאסי – עיצוב נוסטלגי ואיכותי\r\nרדיו בעיצוב רטרו מרהיב, עם ידית נשיאה נוחה ואנטנה טלסקופית לקליטה משופרת. כולל חוגות שליטה מקוריות, כפתורי בחירת תחנה ומד תדר אנלוגי.\r\nהמראה הקלאסי משלב אווירה של פעם עם איכות בנייה גבוהה – מושלם כאביזר עיצוב לבית, לאוסף פריטי וינטג\' או לשימוש יומיומי.\r\nמצב מצוין ושמור, מתאים לכל מי שמעריך סגנון, איכות ואותנטיות.', '205960495', 'Not sold', 100, 8, 26, 15600.00),
(67, 'מכונת קפה', '2025-09-14 12:36:00', '00:10:00', 1, 29000.00, '2025-09-14 09:37:10', '334455444', 23000.00, 'מכונת אספרסו בעיצוב רטרו – שילוב מושלם של סגנון וביצועים\r\nמכונת אספרסו איכותית בעיצוב וינטג\' ייחודי, בגווני ירוק־שמנת עם גימורי כרום מרהיבים. כוללת מד לחץ קלאסי, ידית מקצועית, ומערכת הקצפת חלב להכנת קפוצ\'ינו, לאטה ואספרסו מושלם.\r\nהמכונה קלה לתפעול, נוחה לניקוי, ומיועדת לחובבי קפה שרוצים ליהנות מטעם בית קפה – בבית.\r\nמצב מצוין ושמור, מוכנה לשימוש מיידי.\r\n\r\nהזדמנות לרכוש מכונת קפה מעוצבת ומקצועית – לחוויית קפה מושלמת בכל בוקר!', '205960495', 'for sale', 500, 7, 15, 19658.12),
(68, 'פטיפון JVC קלאסי ', '2025-09-14 12:40:00', '00:10:00', 1, 21443.00, '2025-09-14 09:40:56', '208083469', 20943.00, 'פטיפון בעיצוב מודרני עם נגיעה קלאסית, כולל מכסה שקוף להגנה על המנגנון והמחט. מאפשר האזנה לתקליטי ויניל באיכות צליל חמה ונוסטלגית.\r\nקל לתפעול, עם שליטה נוחה על מהירות ההשמעה והתאמה מושלמת לחובבי ויניל ואספנים.\r\nמצב מצוין ושמור, מוכן לשימוש ולהשמעת המוזיקה האהובה עליכם.', '205960495', 'for sale', 100, 1, 19, 17900.00),
(69, 'לוח אלקטרוני מקורי לאורגן – חלק פנימי נדיר', '2025-08-28 08:43:00', '00:10:00', 1, 102000.00, '2025-08-28 08:45:08', '123454231', 89000.00, 'לוח אלקטרוני פנימי במצב שמור, כפי שפורק מאורגן מקורי. כולל רכיבים אלקטרוניים שלמים – טרנזיסטורים, נגדים, קבלים ועוד – בדיוק כפי שיוצרו.\r\nמתאים לשחזור, תיקון או לאספני ציוד אלקטרוני וכלי נגינה וינטג\'.\r\nהמוצר נמכר כפי שהוא (AS-IS), נדיר למצוא לוחות מקוריים של דגמים ישנים במצב כזה.', '205960495', 'sale', 1000, 8, 26, 76068.38),
(70, 'מסך גיימינג קעור LG UltraGear QLED', '2025-09-11 16:28:00', '00:10:00', 0, 52700.00, '2025-09-11 13:28:23', '223344112', 52650.00, 'מסך גיימינג קעור מבית LG, דגם UltraGear עם טכנולוגיית QLED לתצוגה חדה, צבעים חיים וניגודיות גבוהה במיוחד.\r\nהמסך מספק חוויית משחק חלקה עם זמן תגובה מהיר וקצב רענון גבוה – מושלם לגיימרים מקצועיים ולחובבי מולטימדיה.\r\nהעיצוב המודרני והאלגנטי כולל מסגרת דקה ובסיס יציב, לשימוש נוח ואסתטי.\r\nמצב מצוין ושמור, מוכן לשדרוג חוויית הגיימינג שלכם.', '205960495', 'sale', 50, 1, 33, 45000.00),
(71, 'מקרן שקופיות Kodak Carousel S', '2025-09-14 11:57:00', '00:10:00', 1, 540.00, '2025-09-14 08:57:18', '208083469', 450.00, 'מקרן שקופיות איכותי מבית Kodak, דגם Carousel S, בעיצוב קלאסי עם מגש סיבובי לאחסון והצגת השקופיות בצורה רציפה ונוחה.\r\nמושלם לאספנים, חובבי צילום אנלוגי או להצגת אוספים פרטיים.\r\nהמכשיר במצב שמור ותקין, מוכן לשימוש או כתוספת מרהיבה לאוסף ציוד הצילום הוינטג\'.', '205960495', 'sale', 10, 1, 32, 384.62),
(72, 'מקרר SMEG בעיצוב רטרו', '2025-09-11 14:08:00', '00:10:00', 0, 56800.00, '2025-09-11 11:12:39', '334455444', 56000.00, 'מקרר דו־דלתי מבית SMEG, בגוון ירוק מנטה עדין ובעיצוב רטרו אייקוני שנותן לכל מטבח מראה ייחודי ומלא אופי.\r\nכולל תא הקפאה עליון, מדפים מרווחים, ותאי אחסון נוחים לשמירה על טריות המזון.\r\nהמקרר במצב מצוין, עם ביצועים אמינים ואיכות בנייה גבוהה. מושלם לחובבי עיצוב, לבתים בסגנון וינטג\' או למטבח מודרני עם נגיעה קלאסית.', '205960495', 'sale', 100, 7, 15, 47863.25),
(73, 'מקרר SMEG בעיצוב רטרו', '2025-10-30 15:48:00', '00:10:00', 0, 56000.00, NULL, NULL, 56000.00, 'מקרר דו־דלתי מבית SMEG, בגוון ירוק מנטה עדין ובעיצוב רטרו אייקוני שנותן לכל מטבח מראה ייחודי ומלא אופי.\r\nכולל תא הקפאה עליון, מדפים מרווחים, ותאי אחסון נוחים לשמירה על טריות המזון.\r\nהמקרר במצב מצוין, עם ביצועים אמינים ואיכות בנייה גבוהה. מושלם לחובבי עיצוב, לבתים בסגנון וינטג\' או למטבח מודרני עם נגיעה קלאסית.', '205960495', 'for sale', 100, 7, 15, 47863.25),
(74, 'פונוגרף שולחני בעיצוב וינטג\'', '2025-09-14 13:02:00', '00:10:00', 1, 7650.00, '2025-09-14 10:03:48', '334455444', 7000.00, 'פונוגרף מיניאטורי מעוצב בהשראת פטיפוני העבר, עם חצוצרה מוזהבת מרשימה וגוף במראה עץ קלאסי.\r\nמתאים להשמעת מוזיקה באיכות צליל חמה ונעימה, ומשמש גם כפריט דקורטיבי ייחודי שימשוך את העין בכל חלל.\r\nמושלם כמתנה לחובבי מוזיקה, לאספנים או להוספת טאצ\' רטרו לבית.\r\nמצב מצוין, מוכן לשימוש ולהנאה מידית.', '205960495', 'sale', 50, 7, 24, 5982.91),
(75, 'פונוגרף שולחני בעיצוב וינטג\'', '2025-11-20 15:50:00', '00:10:00', 0, 7000.00, NULL, NULL, 7000.00, 'פונוגרף מיניאטורי מעוצב בהשראת פטיפוני העבר, עם חצוצרה מוזהבת מרשימה וגוף במראה עץ קלאסי.\r\nמתאים להשמעת מוזיקה באיכות צליל חמה ונעימה, ומשמש גם כפריט דקורטיבי ייחודי שימשוך את העין בכל חלל.\r\nמושלם כמתנה לחובבי מוזיקה, לאספנים או להוספת טאצ\' רטרו לבית.\r\nמצב מצוין, מוכן לשימוש ולהנאה מידית.', '205960495', 'for sale', 50, 7, 24, 5982.91),
(76, 'טלפון סלולרי וינטג\' בסגנון שנות ה־80', '2025-09-14 20:22:00', '00:10:00', 1, 6750.00, '2025-09-14 17:22:23', '208083469', 6700.00, 'סט טלפונים סלולרים בעיצוב רטרו קלאסי עם אנטנה ארוכה, בשלושה צבעים מרהיבים: לבן, שחור וורוד.\r\nהעיצוב האייקוני משחזר את ימי ראשית הסלולר, ומתאים הן כאביזר דקורטיבי והן כתוספת ייחודית לאוסף פריטים נוסטלגיים.\r\nמושלם לצילומים, לתצוגה בבית או למי שאוהב לשלב סטייל של פעם עם חוויית שימוש מיוחדת.\r\nהסט במצב מצוין ושמור היטב.', '205960495', 'for sale', 50, 1, 25, 5726.50),
(77, 'מיקרוסקופ מקצועי דו־עיני', '2025-10-31 15:57:00', '00:10:00', 0, 5400.00, NULL, NULL, 5400.00, 'מיקרוסקופ איכותי עם זוג עיניות ומערכת הגדלה מתקדמת, המאפשרת צפייה חדה ומפורטת באובייקטים זעירים.\r\nמתאים לשימוש במעבדות, מחקר אלקטרוניקה, בדיקת מעגלים מודפסים, חקר ביולוגי ועוד.\r\nכולל תאורה עוצמתית תחתית ועליונה, מבנה יציב ומנגנון פוקוס עדין לנוחות עבודה מרבית.\r\nמצב מצוין ושמור, מוכן לשימוש מיידי.', '205960495', 'for sale', 10, 1, 19, 4615.38),
(78, 'שידת וינטג\' סקנדינבית', '2025-11-19 16:05:00', '00:10:00', 0, 6552.00, NULL, NULL, 6552.00, 'שידת עץ איכותית בעבודת יד, בעיצוב מינימליסטי נקי בסגנון סקנדינבי משנות ה־60.\r\nכוללת שלושה מגירות מרווחות, שני ארונות צד ודלתות עם ידיות אינטגרליות. רגליים מחודדות מעניקות יציבות ואופי ייחודי.\r\nמתאימה לשימוש בסלון, חדר שינה או כמזנון יוקרתי לפינת האוכל.\r\nמצב מצוין ושמור, עם פטינה טבעית שמוסיפה קסם נוסטלגי.', '205960495', 'admin blocked', 100, 3, 7, 5600.00),
(79, 'זוג כורסאות וינטג\' יוקרתיות', '2025-10-29 16:09:00', '00:10:00', 0, 1499.99, NULL, NULL, 1499.99, '2 כורסאות וינטג\' מרופדות בבד קטיפה בורדו עשיר, עם ידיות ועיטורים מעץ מלא בעבודת יד.\r\nהעיצוב האותנטי והנוחות המרבית הופכים אותן למושלמות לפינת ישיבה בסלון, חדר עבודה או פינת קריאה נעימה.\r\nמצב מצוין ושמור, עם נגיעות נוסטלגיה שישדרגו כל חלל.\r\nניתן לרכוש כל כורסה בנפרד או את הזוג יחד.', '205960495', 'for sale', 10, 3, 7, 1282.04),
(80, 'זוג כורסאות וינטג\' יוקרתיות', '2025-10-29 16:09:00', '00:10:00', 0, 1499.99, NULL, NULL, 1499.99, '2 כורסאות וינטג\' מרופדות בבד קטיפה בורדו עשיר, עם ידיות ועיטורים מעץ מלא בעבודת יד.\r\nהעיצוב האותנטי והנוחות המרבית הופכים אותן למושלמות לפינת ישיבה בסלון, חדר עבודה או פינת קריאה נעימה.\r\nמצב מצוין ושמור, עם נגיעות נוסטלגיה שישדרגו כל חלל.\r\nניתן לרכוש כל כורסה בנפרד או את הזוג יחד.', '205960495', 'for sale', 10, 3, 7, 1282.04),
(81, 'זוג כורסאות עור וינטג\'', '2025-11-29 16:12:00', '00:10:00', 0, 8000.00, NULL, NULL, 8000.00, 'זוג כורסאות בעיצוב רטרו קלאסי, מרופדות בעור חום איכותי עם שלד עץ מלא חזק ויציב.\r\nהעיצוב הרחב והכריות הרכות מספקים נוחות מרבית, לצד מראה יוקרתי שישדרג כל חלל בבית.\r\nמתאימות לסלון, חדר עבודה או פינת ישיבה ייחודית, ומשלבות איכות, סגנון ועמידות לאורך שנים.\r\nמצב מצוין ושמור.', '205960495', 'for sale', 100, 7, 16, 6837.61),
(82, 'כיסא עץ קלאסי', '2025-11-27 16:15:00', '00:10:00', 0, 500.00, NULL, NULL, 500.00, 'כיסא עץ מלא בגוון שחור אלגנטי, בעיצוב פשוט ונקי עם גב משורג לקו מינימליסטי ונוח.\r\nעמיד וחזק, מתאים לשימוש יומיומי בפינת האוכל, בבית קפה, במסעדה או כמושב נוסף בבית.\r\nמשתלב בקלות עם מגוון סגנונות עיצוב – מודרני, קלאסי או וינטג\'.\r\nמצב מצוין ושמור.', '205960495', 'for sale', 10, 3, 14, 427.35),
(83, 'ויטרינת עץ עתיקה – כולל כלי חרסינה ייחודיים', '2025-11-29 16:16:00', '00:10:00', 0, 9000.00, NULL, NULL, 9000.00, 'ויטרינה מרהיבה מעץ מלא בעבודת יד, עם דלתות זכוכית קמורות ומדפי זכוכית להצגת פריטים יוקרתיים.\r\nכוללת אוסף כלי חרסינה מעוצבים ונדירים, המוצגים בצורה אלגנטית.\r\nהפריט מתאים לאספנים, לחובבי ריהוט עתיק או לכל מי שרוצה להוסיף לביתו פינת תצוגה מרשימה.\r\nמצב מצוין ושמור, עם נגיעות אותנטיות של פטינה טבעית.', '205960495', 'for sale', 50, 7, 16, 7692.31),
(84, 'אגרטל פורצלן עתיק', '2025-11-20 16:19:00', '00:10:00', 0, 670.00, NULL, NULL, 670.00, 'אגרטל פורצלן מעוצב בסגנון קלאסי עם ציורי פרחים ידניים בגווני ורוד, ירוק וזהב.\r\nכולל ידיות מעוטרות ובסיס מפוסל בגימור מוזהב, המוסיף יוקרה ואלגנטיות.\r\nפריט אספנות נדיר המתאים לתצוגה בסלון, בחדר אירוח או כחלק מאוסף כלי חרסינה ופורצלן יוקרתיים.\r\nמצב מצוין ושמור היטב, ללא סדקים או פגמים נראים לעין.', '205960495', 'for sale', 10, 3, 14, 572.65),
(85, 'כד אספנות', '2025-08-31 18:21:00', '00:10:00', 1, 2000.00, NULL, NULL, 2000.00, 'כד משנת 1860 ממצרים העתיקה ', '123454231', 'Not sold', 50, 8, 26, 1709.40),
(86, 'שולחן עתיק', '2025-08-31 07:00:00', '00:10:00', 1, 1000.00, NULL, NULL, 1000.00, 'שולחן עתיק משנת 1990 במצב חדש ', '123454231', 'Not sold', 50, 8, 26, 854.70),
(87, 'רדיו', '2025-09-03 15:33:00', '00:10:00', 1, 18252.00, NULL, NULL, 18252.00, 'רדיו וינטג\' קלאסי – עיצוב נוסטלגי ואיכותי\r\nרדיו בעיצוב רטרו מרהיב, עם ידית נשיאה נוחה ואנטנה טלסקופית לקליטה משופרת. כולל חוגות שליטה מקוריות, כפתורי בחירת תחנה ומד תדר אנלוגי.\r\nהמראה הקלאסי משלב אווירה של פעם עם איכות בנייה גבוהה – מושלם כאביזר עיצוב לבית, לאוסף פריטי וינטג\' או לשימוש יומיומי.\r\nמצב מצוין ושמור, מתאים לכל מי שמעריך סגנון, איכות ואותנטיות.', '205960495', 'Not sold', 100, 8, 26, 15600.00),
(88, 'ציור', '2025-10-01 00:00:00', '00:30:00', 0, 11700.00, NULL, NULL, 11700.00, 'שמי הוא ליאל, אני מציירת ומאיירת החל מגיל 13. \r\nמשתפת אתכם ביצירת המופת שלי <3', '212759575', 'for sale', 500, 6, 13, 10000.00),
(89, 'שולחן עתיק', '2025-12-24 07:00:00', '00:10:00', 0, 1000.00, NULL, NULL, 1000.00, 'שולחן עתיק משנת 1990 במצב חדש ', '123454231', 'for sale', 50, 8, 26, 854.70),
(90, 'כד אספנות', '2026-01-14 18:21:00', '00:10:00', 0, 2000.00, NULL, NULL, 2000.00, 'כד משנת 1860 ממצרים העתיקה ', '123454231', 'for sale', 50, 8, 26, 1709.40);

-- --------------------------------------------------------

--
-- מבנה טבלה עבור טבלה `product_images`
--

CREATE TABLE `product_images` (
  `image_id` int(11) NOT NULL,
  `product_id` int(11) NOT NULL,
  `image_url` varchar(255) NOT NULL
) ENGINE=InnoDB DEFAULT CHARSET=utf8mb4 COLLATE=utf8mb4_general_ci;

--
-- הוצאת מידע עבור טבלה `product_images`
--

INSERT INTO `product_images` (`image_id`, `product_id`, `image_url`) VALUES
(1, 37, '/uploads/1749109032896_1fe03af6baeab695857e37209ce97117.webp'),
(2, 37, '/uploads/1749109032898_9831af1b0fa7bb4ed0dd83ebbe465771.webp'),
(3, 37, '/uploads/1749109032898_16740352ef9e87889dee6621d96a5ee7.webp'),
(4, 37, '/uploads/1749109032898_a75b43c4d5506c80a53b144d9ef6155c.webp'),
(5, 38, '/uploads/1749110193499_1-17-1024x611 (1).jpeg'),
(6, 38, '/uploads/1749110193522_1-17-1024x611.jpeg'),
(7, 38, '/uploads/1749110193522_2-110-1024x683 (1).jpg'),
(8, 38, '/uploads/1749110193523_2-110-1024x683.jpg'),
(9, 38, '/uploads/1749110193527_3-17-1024x683.jpeg'),
(10, 39, '/uploads/1749110311359_images (1).jfif'),
(11, 39, '/uploads/1749110311359_images.jfif'),
(12, 39, '/uploads/1749110311359_×¡×××§×-×¤××§×¡×-×××.jpg'),
(13, 40, '/uploads/1749110390114_83DV00CKIV_30042024094614_large.jpg'),
(14, 40, '/uploads/1749110390122_83DV00CKIV_30042024094618_large.jpg'),
(15, 40, '/uploads/1749110390123_83DV00CKIV_30042024094642_large.jpg'),
(16, 40, '/uploads/1749110390123_83DV00CKIV_30042024094717_large.jpg'),
(17, 42, '/uploads/1749110523202_Electra_1.avif'),
(18, 42, '/uploads/1749110523202_images (2).jfif'),
(19, 42, '/uploads/1749110523202_images (3).jfif'),
(21, 43, '/uploads/1749110657044_DSC0917-scaled.jpg'),
(22, 43, '/uploads/1749110657049_×¡×¤×-×¤××× ×-1.jpg'),
(23, 44, '/uploads/1749111338104_DSC0902-scaled.jpg'),
(24, 44, '/uploads/1749111338125_DSC0917-scaled.jpg'),
(26, 45, '/uploads/1749111483455_002.jpg'),
(27, 45, '/uploads/1749111483458_003.jpg'),
(28, 45, '/uploads/1749111483478_a_ignore_q_80_w_1000_c_limit_001.jpg'),
(29, 47, '/uploads/1749376486139_13815_ART_black_masterPack-20250406-092109_1.webp'),
(30, 47, '/uploads/1749376486140_Art_Life_1_1_3.webp'),
(31, 47, '/uploads/1749376486141_Art_Life_2_3.webp'),
(32, 48, '/uploads/1749377193101_SPA_J-480_2-800x533.jpg'),
(33, 48, '/uploads/1749377193101_SPA_J-480_3-800x532.jpg'),
(34, 48, '/uploads/1749377193102_SPA_J-480_5-800x532.jpg'),
(37, 51, '/uploads/1750347508758_83DV00CKIV_30042024094618_large.jpg'),
(38, 53, '/uploads/1750354691258_9831af1b0fa7bb4ed0dd83ebbe465771.webp'),
(46, 58, '/uploads/1752853800273_p1.jpg'),
(47, 58, '/uploads/1752853800277_P2.jpg'),
(48, 58, '/uploads/1752853800277_P3.jpg'),
(50, 59, '/uploads/1753275011451_TV2.jpg'),
(52, 59, '/uploads/1753693214677_TV3.jpg'),
(53, 60, '/uploads/1754388628061_46794687946789.jpg'),
(54, 60, '/uploads/1754388628062_d1.jpg'),
(55, 61, '/uploads/1754649660394_scatola-regalo_original-c-copia_0x180.png'),
(58, 63, '/uploads/1754915066925_images (6).jpeg'),
(59, 64, '/uploads/1754915431899_3700802104971_1.jpg'),
(60, 65, '/uploads/1754915543725_7290012262869.jpg'),
(61, 66, '/uploads/1754915715589_download (1).jpeg'),
(62, 66, '/uploads/1754915715590_download.jpeg'),
(63, 67, '/uploads/1754915955817_download (2).jpeg'),
(64, 68, '/uploads/1754916056523_download (3).jpeg'),
(65, 69, '/uploads/1754916231204_download (4).jpeg'),
(66, 70, '/uploads/1754916395549_images (1).jpeg'),
(67, 71, '/uploads/1754916478355_images (2).jpeg'),
(68, 72, '/uploads/1754916547068_images (3).jpeg'),
(69, 73, '/uploads/1754916555047_images (3).jpeg'),
(70, 74, '/uploads/1754916653826_images (4).jpeg'),
(71, 75, '/uploads/1754916666077_images (4).jpeg'),
(72, 76, '/uploads/1754917016073_images (5).jpeg'),
(73, 76, '/uploads/1754917016073_images (7).jpeg'),
(74, 77, '/uploads/1754917120654_images.jpeg'),
(75, 78, '/uploads/1754917753959_download (6).jpeg'),
(76, 79, '/uploads/1754917851277_download.jpeg'),
(77, 80, '/uploads/1754917919989_download.jpeg'),
(78, 81, '/uploads/1754918082911_images (1).jpeg'),
(79, 82, '/uploads/1754918169660_images (2).jpeg'),
(80, 83, '/uploads/1754918328688_images (3).jpeg'),
(81, 83, '/uploads/1754918328688_images (8).jpeg'),
(82, 83, '/uploads/1754918328689_images (9).jpeg'),
(83, 83, '/uploads/1754918328689_images (10).jpeg'),
(84, 84, '/uploads/1754918409671_images (4).jpeg'),
(85, 85, '/uploads/1756130243854_849000920.webp'),
(86, 86, '/uploads/1756130293674_824778111.jpg'),
(87, 87, '/uploads/1754915715589_download (1).jpeg'),
(88, 87, '/uploads/1754915715590_download.jpeg'),
(90, 88, '/uploads/1756669358929_513499956.jpg'),
(91, 89, '/uploads/1756130293674_824778111.jpg'),
(92, 90, '/uploads/1756130243854_849000920.webp');

-- --------------------------------------------------------

--
-- מבנה טבלה עבור טבלה `quotation`
--

CREATE TABLE `quotation` (
  `quotation_id` int(11) NOT NULL,
  `product_id` int(11) NOT NULL,
  `buyer_id_number` varchar(20) NOT NULL,
  `price` decimal(10,2) NOT NULL,
  `is_paid` enum('yes','no') NOT NULL DEFAULT 'no',
  `bid_time` datetime NOT NULL DEFAULT current_timestamp()
) ENGINE=InnoDB DEFAULT CHARSET=utf8mb4 COLLATE=utf8mb4_general_ci;

--
-- הוצאת מידע עבור טבלה `quotation`
--

INSERT INTO `quotation` (`quotation_id`, `product_id`, `buyer_id_number`, `price`, `is_paid`, `bid_time`) VALUES
(236, 39, '204534569', 0.00, 'no', '2025-08-11 13:19:36'),
(238, 39, '123454231', 3740.00, 'yes', '2025-08-11 13:37:50'),
(242, 69, '444444444', 100000.00, 'no', '2025-08-28 08:44:00'),
(243, 59, '444444444', 2600.00, 'no', '2025-08-26 08:51:33'),
(246, 69, '123454231', 102000.00, 'yes', '2025-08-28 08:45:16'),
(247, 59, '123454231', 2650.00, 'yes', '2025-08-26 08:51:36'),
(248, 42, '12345232', 3320.00, 'yes', '2025-08-26 09:00:29'),
(249, 42, '123454231', 3270.00, 'no', '2025-08-26 09:00:26'),
(251, 66, '208083469', 18352.00, 'no', '2025-08-26 15:34:12'),
(254, 73, '208083469', 0.00, 'no', '2025-08-27 15:11:55'),
(255, 64, '208083469', 1510.00, 'no', '2025-08-27 12:17:28'),
(256, 40, '111111111', 0.00, 'no', '2025-08-31 12:37:04'),
(257, 40, '222222222', 0.00, 'no', '2025-08-31 13:59:24'),
(258, 85, '205960495', 0.00, 'no', '2025-08-31 18:21:00'),
(259, 37, '212759575', 4600.00, 'yes', '2025-08-31 19:34:31'),
(260, 37, '444444444', 4590.00, 'no', '2025-08-31 19:34:29'),
(261, 60, '123454231', 2050.00, 'yes', '2025-09-08 12:24:03'),
(262, 47, '123454231', 2010.00, 'yes', '2025-09-09 13:26:03'),
(263, 51, '123454231', 0.00, 'no', '2025-09-09 17:13:30'),
(265, 77, '208083469', 0.00, 'no', '2025-09-11 12:10:49'),
(266, 70, '208083469', 0.00, 'no', '2025-09-11 12:11:45'),
(267, 65, '333322222', 0.00, 'no', '2025-09-11 12:22:01'),
(269, 67, '333322222', 0.00, 'no', '2025-09-11 12:24:17'),
(270, 65, '112233445', 0.00, 'no', '2025-09-11 12:25:06'),
(272, 67, '112233445', 0.00, 'no', '2025-09-11 12:33:55'),
(273, 65, '334455444', 10100.00, 'yes', '2025-09-11 10:00:00'),
(275, 70, '334455444', 0.00, 'no', '2025-09-11 12:34:52'),
(276, 71, '334455444', 530.00, 'no', '2025-09-14 08:57:17'),
(277, 73, '334455444', 0.00, 'no', '2025-09-11 12:36:13'),
(278, 78, '334455444', 0.00, 'no', '2025-09-11 12:46:15'),
(279, 65, '443344334', 0.00, 'no', '2025-09-11 12:48:45'),
(283, 67, '334455444', 29000.00, 'no', '2025-09-14 09:37:10'),
(284, 72, '334455444', 56800.00, 'yes', '2025-09-11 11:12:39'),
(286, 72, '208083469', 56700.00, 'no', '2025-09-11 11:12:37'),
(287, 72, '12345232', 0.00, 'no', '2025-09-11 14:21:21'),
(288, 70, '223344112', 52700.00, 'yes', '2025-09-11 13:28:23'),
(289, 71, '208083469', 540.00, 'yes', '2025-09-14 08:57:18'),
(291, 63, '208083469', 145230.00, 'no', '2025-09-14 09:30:11'),
(292, 63, '12345232', 0.00, 'no', '2025-09-14 12:13:28'),
(293, 63, '334455444', 145280.00, 'no', '2025-09-14 09:30:15'),
(294, 67, '208083469', 28500.00, 'no', '2025-09-14 09:37:02'),
(295, 68, '334455444', 21343.00, 'no', '2025-09-14 09:40:54'),
(296, 68, '208083469', 21443.00, 'no', '2025-09-14 09:40:56'),
(297, 74, '204534565', 7600.00, 'no', '2025-09-14 10:03:41'),
(298, 74, '208083469', 7500.00, 'no', '2025-09-14 10:03:31'),
(299, 74, '334455444', 7650.00, 'yes', '2025-09-14 10:03:48'),
(310, 75, '208083469', 0.00, 'no', '2025-09-14 20:18:02'),
(311, 76, '208083469', 6750.00, 'no', '2025-09-14 17:22:23'),
(312, 81, '208083469', 0.00, 'no', '2025-09-14 22:08:53');

-- --------------------------------------------------------

--
-- מבנה טבלה עבור טבלה `sale`
--

CREATE TABLE `sale` (
  `sale_id` int(11) NOT NULL,
  `end_date` datetime NOT NULL,
  `final_price` decimal(10,2) NOT NULL,
  `product_name` varchar(100) NOT NULL,
  `product_id` int(11) NOT NULL,
  `rating` int(11) DEFAULT NULL CHECK (`rating` between 1 and 5),
  `is_delivered` tinyint(1) NOT NULL DEFAULT 0,
  `buyer_id_number` varchar(20) DEFAULT NULL,
  `country` varchar(100) DEFAULT NULL,
  `zip` varchar(10) DEFAULT NULL,
  `city` varchar(100) DEFAULT NULL,
  `street` varchar(100) DEFAULT NULL,
  `house_number` varchar(10) DEFAULT NULL,
  `apartment_number` varchar(10) DEFAULT NULL,
  `notes` varchar(200) DEFAULT NULL,
  `phone` varchar(20) DEFAULT NULL,
  `delivery_method` enum('delivery','pickup') NOT NULL,
  `sent` enum('yes','no') DEFAULT 'no'
) ENGINE=InnoDB DEFAULT CHARSET=utf8mb4 COLLATE=utf8mb4_general_ci;

--
-- הוצאת מידע עבור טבלה `sale`
--

INSERT INTO `sale` (`sale_id`, `end_date`, `final_price`, `product_name`, `product_id`, `rating`, `is_delivered`, `buyer_id_number`, `country`, `zip`, `city`, `street`, `house_number`, `apartment_number`, `notes`, `phone`, `delivery_method`, `sent`) VALUES
(90, '2025-08-11 13:39:23', 3740.00, 'אופניים חשמליים', 39, 4, 1, '123454231', 'ישראל', '3456445', 'נשר ', 'יעל', '10', '5', 'להתקשר כשהשליח בחוץ', '+972521234567', 'delivery', 'yes'),
(94, '2025-08-26 11:52:41', 2650.00, 'samsung TV', 59, NULL, 0, '123454231', 'ישראל', '1234556', 'קרית אונו', 'אבן עזרא', '10', '5', 'אודה לאריזת מתנה במידה ויש ', '+972521234567', 'delivery', 'yes'),
(95, '2025-08-26 12:01:10', 3320.00, 'מיקסר חשמלי', 42, 3, 1, '12345232', 'ישראל', '1232334', 'קרית אתא', 'מוצקין', '10', '5', 'להתקשר כשהשליח בחוץ', '+972507777777', 'delivery', 'yes'),
(98, '2025-08-28 14:10:43', 102000.00, 'לוח אלקטרוני מקורי לאורגן – חלק פנימי נדיר', 69, 2, 1, '123454231', NULL, NULL, NULL, NULL, NULL, NULL, 'אגיע בעוד שבוע', '+972521234567', 'pickup', 'yes'),
(100, '2025-08-31 22:37:25', 4600.00, 'אייפון 16 פרו מקס', 37, NULL, 0, '212759575', 'ישראל', '2634004', 'קרית ים', 'ניל\"י', '9', '10', 'שיהיה באריזת מתנה לבן זוגי :)', '+972508716361', 'delivery', 'no'),
(101, '2025-09-08 15:42:34', 2050.00, 'סט שולחן וארון', 60, NULL, 0, '123454231', 'ישראל', '3456445', 'נשר', 'יעל', '10', '5', 'להתקשר לפני', '+972521234567', 'delivery', 'no'),
(102, '2025-09-09 17:46:25', 2010.00, 'מכשיר סודהסטרים', 47, 4, 1, '123454231', NULL, NULL, NULL, NULL, NULL, NULL, 'אגיע עוד חודש', '+972526666666', 'pickup', 'yes'),
(104, '2025-09-11 13:01:41', 10100.00, 'אוטו ילדים ונטג\'', 65, NULL, 0, '334455444', 'ישראל', '1111111', 'נצרת', 'ביר אל אמיר', '1', '10', 'לשלוח במארז מתנה', '+972547777777', 'delivery', 'no'),
(106, '2025-09-11 14:22:23', 56800.00, 'מקרר SMEG בעיצוב רטרו', 72, NULL, 0, '334455444', 'ישראל', '3432334', 'נשר', 'דרך בר יהודה', '12', '10', 'לשלוח במארז מתנה', '+972548888888', 'delivery', 'no'),
(107, '2025-09-11 16:29:10', 52700.00, 'מסך גיימינג קעור LG UltraGear QLED', 70, NULL, 0, '223344112', 'ישראל', '1212332', 'אביבים', 'אביבים', '1', '1', 'אין הערות', '+972532323232', 'delivery', 'no'),
(108, '2025-09-14 12:04:23', 540.00, 'מקרן שקופיות Kodak Carousel S', 71, NULL, 0, '208083469', 'ישראל', '234544', 'שלומי', 'חורשת האקליפטוס', '213', '1111', 'לשלוח כמה שיותר מהר- זה מתנה ', '+972531111122', 'delivery', 'no'),
(110, '2025-09-14 13:04:35', 7650.00, 'פונוגרף שולחני בעיצוב וינטג\'', 74, NULL, 0, '334455444', NULL, NULL, NULL, NULL, NULL, NULL, NULL, '+972547777777', 'pickup', 'no');

-- --------------------------------------------------------

--
-- מבנה טבלה עבור טבלה `subcategories`
--

CREATE TABLE `subcategories` (
  `id` int(11) NOT NULL,
  `name` varchar(100) NOT NULL,
  `category_id` int(11) NOT NULL
) ENGINE=InnoDB DEFAULT CHARSET=utf8mb4 COLLATE=utf8mb4_general_ci;

--
-- הוצאת מידע עבור טבלה `subcategories`
--

INSERT INTO `subcategories` (`id`, `name`, `category_id`) VALUES
(7, 'סלון', 3),
(8, 'חדר שינה', 3),
(9, 'כושר', 4),
(10, 'מחנאות', 4),
(12, 'משחקי מחשב', 5),
(13, 'כללי', 6),
(14, 'כללי', 3),
(15, 'למטבח', 7),
(16, 'לסלון', 7),
(19, 'אחר', 1),
(21, 'אחר', 3),
(22, 'אחר', 4),
(23, 'אחר', 5),
(24, 'אחר', 7),
(25, 'טלפונים', 1),
(26, 'אחר', 8),
(27, 'אחר', 9),
(28, 'בגדי נשים', 9),
(32, 'טלוויזיות', 1),
(33, 'מחשבים', 1),
(34, 'מטבעות', 8),
(35, 'ריהוט', 8),
(36, 'ביגוד', 8);

-- --------------------------------------------------------

--
-- מבנה טבלה עבור טבלה `tickets`
--

CREATE TABLE `tickets` (
  `ticket_id` char(36) NOT NULL,
  `type_message` enum('general','report','admin_seller') NOT NULL,
  `product_id` int(11) DEFAULT NULL,
  `subject` varchar(255) NOT NULL,
  `email` varchar(255) NOT NULL,
  `first_name` varchar(100) NOT NULL,
  `last_name` varchar(100) NOT NULL,
  `status` enum('unread','progress','read') NOT NULL DEFAULT 'unread',
  `related_ticket_id` char(36) DEFAULT NULL,
  `created_at` datetime NOT NULL DEFAULT current_timestamp(),
  `updated_at` datetime NOT NULL DEFAULT current_timestamp() ON UPDATE current_timestamp()
) ENGINE=InnoDB DEFAULT CHARSET=utf8mb4 COLLATE=utf8mb4_general_ci;

--
-- הוצאת מידע עבור טבלה `tickets`
--

INSERT INTO `tickets` (`ticket_id`, `type_message`, `product_id`, `subject`, `email`, `first_name`, `last_name`, `status`, `related_ticket_id`, `created_at`, `updated_at`) VALUES
('13331a92-825d-11f0-a9ba-fc3497491c86', 'report', 66, 'תמונה לא אמיתית', 'tubul65431@gmail.com', 'לידור', 'טובול', 'unread', '13333ab4-825d-11f0-a9ba-fc3497491c86', '2025-08-26 12:14:24', '2025-08-31 22:48:08'),
('13333ab4-825d-11f0-a9ba-fc3497491c86', 'report', 66, 'דיווחים על מוצר #66', 'no-reply@bidsmart.local', 'מערכת', 'BidSmart', 'unread', NULL, '2025-08-26 12:14:24', '2025-08-31 22:48:08'),
('2ae52588-8192-11f0-a9ba-fc3497491c86', 'report', 48, 'תמונה לא תקינה', 'niv12345@gmail.com', 'niv', 'bra', 'read', '2ae53f13-8192-11f0-a9ba-fc3497491c86', '2025-08-25 12:02:03', '2025-08-25 16:19:03'),
('2ae53f13-8192-11f0-a9ba-fc3497491c86', 'report', 48, 'דיווחים על מוצר #48', 'no-reply@bidsmart.local', 'מערכת', 'BidSmart', 'read', NULL, '2025-08-25 12:02:03', '2025-08-25 16:19:03'),
('3d320255-825d-11f0-a9ba-fc3497491c86', 'report', 37, 'בדיקת המוצר', 'mori123@gmail.com', 'מורי', 'וסרמן', 'read', '3d322162-825d-11f0-a9ba-fc3497491c86', '2025-08-26 12:15:34', '2025-08-28 17:15:55'),
('3d322162-825d-11f0-a9ba-fc3497491c86', 'report', 37, 'דיווחים על מוצר #37', 'no-reply@bidsmart.local', 'מערכת', 'BidSmart', 'read', NULL, '2025-08-26 12:15:34', '2025-08-28 17:15:55'),
('88906461-825c-11f0-a9ba-fc3497491c86', 'report', 40, 'לא נראה אמיתי', 'mori123@gmail.com', 'מורי', 'וסרמן', 'unread', '8890a77f-825c-11f0-a9ba-fc3497491c86', '2025-08-26 12:10:31', '2025-08-26 12:10:31'),
('8890a77f-825c-11f0-a9ba-fc3497491c86', 'report', 40, 'דיווחים על מוצר #40', 'no-reply@bidsmart.local', 'מערכת', 'BidSmart', 'unread', NULL, '2025-08-26 12:10:31', '2025-08-26 12:10:31'),
('958a6113-825c-11f0-a9ba-fc3497491c86', 'report', 43, 'הונאה', 'mori123@gmail.com', 'מורי', 'וסרמן', 'unread', '958a879d-825c-11f0-a9ba-fc3497491c86', '2025-08-26 12:10:53', '2025-08-26 12:10:53'),
('958a879d-825c-11f0-a9ba-fc3497491c86', 'report', 43, 'דיווחים על מוצר #43', 'no-reply@bidsmart.local', 'מערכת', 'BidSmart', 'unread', NULL, '2025-08-26 12:10:53', '2025-08-26 12:10:53'),
('a6c2412e-9153-11f0-bc91-c4474e3e8545', 'general', NULL, 'יצירת קשר עם רוכש', 'tubul65431@gmail.com', 'לידור', 'טובול', 'read', NULL, '2025-09-14 13:14:18', '2025-09-14 13:15:05'),
('ab718288-8191-11f0-a9ba-fc3497491c86', 'general', NULL, 'הרשמה לאתר', 'tubul65431@gmail.com', 'לידור', 'טבול', 'read', NULL, '2025-08-25 11:58:29', '2025-08-25 14:59:32'),
('b8438a15-819f-11f0-a9ba-fc3497491c86', 'report', 48, 'הונאה', 'liel1234@gmail.com', 'ליאל', 'טובול', 'read', '2ae53f13-8192-11f0-a9ba-fc3497491c86', '2025-08-25 13:39:03', '2025-08-25 16:19:03'),
('c854d26f-8191-11f0-a9ba-fc3497491c86', 'report', 38, 'הונאה', 'mori123@gmail.com', 'מורי', 'וסרמן', 'read', 'c854fb27-8191-11f0-a9ba-fc3497491c86', '2025-08-25 11:59:17', '2025-08-25 13:54:04'),
('c854fb27-8191-11f0-a9ba-fc3497491c86', 'report', 38, 'דיווחים על מוצר #38', 'no-reply@bidsmart.local', 'מערכת', 'BidSmart', 'read', NULL, '2025-08-25 11:59:17', '2025-08-25 13:54:04'),
('cde1e8b6-825c-11f0-a9ba-fc3497491c86', 'general', NULL, 'משלוחים', 'Lian.va.1995@gmail.com', 'ליאן', 'וינר', 'unread', NULL, '2025-08-26 12:12:27', '2025-08-26 12:12:27'),
('ef4963f7-825c-11f0-a9ba-fc3497491c86', 'report', 58, 'כתובת לא תקינה', 'Lian.va.1995@gmail.com', 'לילי', 'ויינר', 'unread', 'ef49836a-825c-11f0-a9ba-fc3497491c86', '2025-08-26 12:13:23', '2025-08-26 12:13:23'),
('ef49836a-825c-11f0-a9ba-fc3497491c86', 'report', 58, 'דיווחים על מוצר #58', 'no-reply@bidsmart.local', 'מערכת', 'BidSmart', 'unread', NULL, '2025-08-26 12:13:23', '2025-08-26 12:13:23');

-- --------------------------------------------------------

--
-- מבנה טבלה עבור טבלה `ticket_messages`
--

CREATE TABLE `ticket_messages` (
  `message_id` char(36) NOT NULL,
  `ticket_id` char(36) NOT NULL,
  `sender_role` enum('user','system') NOT NULL,
  `body` text NOT NULL,
  `is_internal` tinyint(1) NOT NULL DEFAULT 0,
  `created_at` datetime NOT NULL DEFAULT current_timestamp()
) ENGINE=InnoDB DEFAULT CHARSET=utf8mb4 COLLATE=utf8mb4_general_ci;

--
-- הוצאת מידע עבור טבלה `ticket_messages`
--

INSERT INTO `ticket_messages` (`message_id`, `ticket_id`, `sender_role`, `body`, `is_internal`, `created_at`) VALUES
('01141548-8192-11f0-a9ba-fc3497491c86', 'c854fb27-8191-11f0-a9ba-fc3497491c86', 'system', 'מוצר נחסם.', 1, '2025-08-25 12:00:53'),
('1334d4a1-825d-11f0-a9ba-fc3497491c86', '13331a92-825d-11f0-a9ba-fc3497491c86', 'user', 'התמונה קיימת בעוד מקומות באינטרנט- אולי מדובר בהונאה', 0, '2025-08-26 12:14:24'),
('2ae6552a-8192-11f0-a9ba-fc3497491c86', '2ae52588-8192-11f0-a9ba-fc3497491c86', 'user', 'המוצר היה בעוד מקומות באינטרנט- הוא לא נראה אמיתי', 0, '2025-08-25 12:02:03'),
('3322fb39-826e-11f0-a9ba-fc3497491c86', '3d322162-825d-11f0-a9ba-fc3497491c86', 'system', 'בדיקה 2', 1, '2025-08-26 14:16:59'),
('349aa32c-81a3-11f0-a9ba-fc3497491c86', '2ae53f13-8192-11f0-a9ba-fc3497491c86', 'system', 'נשלח הודעה למוכר', 1, '2025-08-25 14:04:01'),
('3d3389ab-825d-11f0-a9ba-fc3497491c86', '3d320255-825d-11f0-a9ba-fc3497491c86', 'user', 'המוכר הנ\"ל מעלה מוצרים לא אמיתיים', 0, '2025-08-26 12:15:34'),
('428c2436-826e-11f0-a9ba-fc3497491c86', '3d322162-825d-11f0-a9ba-fc3497491c86', 'system', 'בדיקה 3', 1, '2025-08-26 14:17:25'),
('45eef118-81a3-11f0-a9ba-fc3497491c86', '2ae53f13-8192-11f0-a9ba-fc3497491c86', 'system', 'אזהרה ראשונה- שים לב שיש לך דיווחים על המוצר -נא תבדוק שהכל תקין.', 0, '2025-08-25 14:04:30'),
('4bbff741-8193-11f0-a9ba-fc3497491c86', '2ae53f13-8192-11f0-a9ba-fc3497491c86', 'system', 'בטיפול**', 1, '2025-08-25 12:10:07'),
('8891d0ed-825c-11f0-a9ba-fc3497491c86', '88906461-825c-11f0-a9ba-fc3497491c86', 'user', 'המוצר נראה לא אמיתי -בכל תמונה הוא שונה', 0, '2025-08-26 12:10:31'),
('958becfa-825c-11f0-a9ba-fc3497491c86', '958a6113-825c-11f0-a9ba-fc3497491c86', 'user', 'המוצר נראה הונאה - נא תבדקו אם אמיתי', 0, '2025-08-26 12:10:53'),
('a6c3a2ae-9153-11f0-bc91-c4474e3e8545', 'a6c2412e-9153-11f0-bc91-c4474e3e8545', 'user', 'איך ניתן לדבר עם רוכש שרכש מוצר שלי?', 0, '2025-09-14 13:14:18'),
('ab73494e-8191-11f0-a9ba-fc3497491c86', 'ab718288-8191-11f0-a9ba-fc3497491c86', 'user', 'איך נהפכים למוכרים?', 0, '2025-08-25 11:58:29'),
('b844d1e9-819f-11f0-a9ba-fc3497491c86', 'b8438a15-819f-11f0-a9ba-fc3497491c86', 'user', 'נראה הונאה ולא אמיתי', 0, '2025-08-25 13:39:03'),
('c224dab9-9153-11f0-bc91-c4474e3e8545', 'a6c2412e-9153-11f0-bc91-c4474e3e8545', 'system', 'ניתן להכנס לניהול מוצרים וללחוץ צפייה מורחבת- שם יופיע מספר הטלפון והמייל של הרוכש.', 0, '2025-09-14 13:15:04'),
('c855a363-8191-11f0-a9ba-fc3497491c86', 'c854d26f-8191-11f0-a9ba-fc3497491c86', 'user', 'כתוב שלא ניתן למכור רכבים- האם מוצר תקין?', 0, '2025-08-25 11:59:17'),
('cde3d3c8-825c-11f0-a9ba-fc3497491c86', 'cde1e8b6-825c-11f0-a9ba-fc3497491c86', 'user', 'האם אפשר בתור מוכרת לשנות את השיטת שילוח רק למשלוח?', 0, '2025-08-26 12:12:27'),
('dab97636-8265-11f0-a9ba-fc3497491c86', '3d322162-825d-11f0-a9ba-fc3497491c86', 'system', 'בדיקה 1', 1, '2025-08-26 13:17:14'),
('ef4ad285-825c-11f0-a9ba-fc3497491c86', 'ef4963f7-825c-11f0-a9ba-fc3497491c86', 'user', 'המוכר נתן פרטי כתובת לא נכונים- אודה לבדיקתכם', 0, '2025-08-26 12:13:23'),
('f5466626-81aa-11f0-a9ba-fc3497491c86', 'ab718288-8191-11f0-a9ba-fc3497491c86', 'system', 'ניתן לשאול את נציגת הAI שלנו כל שאלה', 0, '2025-08-25 14:59:30'),
('f5af8e2b-8191-11f0-a9ba-fc3497491c86', 'c854fb27-8191-11f0-a9ba-fc3497491c86', 'system', 'לא ניתן למכור רכבים- לכן המוצר נחסם!', 0, '2025-08-25 12:00:34');

-- --------------------------------------------------------

--
-- מבנה טבלה עבור טבלה `users`
--

CREATE TABLE `users` (
  `id` int(11) NOT NULL,
  `email` varchar(255) NOT NULL,
  `id_number` varchar(20) DEFAULT NULL,
  `password` varchar(255) NOT NULL,
  `first_name` varchar(50) NOT NULL,
  `last_name` varchar(50) NOT NULL,
  `phone` varchar(20) NOT NULL,
  `role` enum('buyer','seller','admin') DEFAULT 'buyer',
  `id_card_photo` text DEFAULT NULL,
  `rating` double DEFAULT NULL,
  `country` varchar(100) DEFAULT NULL,
  `zip` varchar(10) DEFAULT NULL,
  `city` varchar(100) DEFAULT NULL,
  `street` varchar(100) DEFAULT NULL,
  `house_number` varchar(10) DEFAULT NULL,
  `apartment_number` varchar(10) DEFAULT NULL,
  `profile_photo` text DEFAULT NULL,
  `status` enum('active','blocked') DEFAULT 'active',
  `registered` datetime NOT NULL DEFAULT current_timestamp(),
  `delivery_options` enum('delivery','delivery+pickup') DEFAULT NULL
) ENGINE=InnoDB DEFAULT CHARSET=utf8mb4 COLLATE=utf8mb4_general_ci;

--
-- הוצאת מידע עבור טבלה `users`
--

INSERT INTO `users` (`id`, `email`, `id_number`, `password`, `first_name`, `last_name`, `phone`, `role`, `id_card_photo`, `rating`, `country`, `zip`, `city`, `street`, `house_number`, `apartment_number`, `profile_photo`, `status`, `registered`, `delivery_options`) VALUES
(1, 'Lian.va.1995@gmail.com', '205960495', '$2b$10$vM4y2yqsbNpDCOpifcxVOOdjiZQ2clgPjUo79JNq7q.WbhiyqVjoG', 'לילי', 'ויינר', '+972521111111', 'seller', '1747765765446_WhatsApp Image 2024-11-24 at 14.33.04_400065d0.jpg', 3, NULL, '12345', 'כפר ביאליק', 'מיכאל', '19', '1', '1747765765448_WhatsApp Image 2024-11-24 at 14.33.04_400065d0.jpg', 'active', '2025-07-22 14:11:25', 'delivery+pickup'),
(3, 'liel1234@gmail.com', '204534569', '$2b$10$T16Hz6UFdVKyust2Xk9gSekBOtQBZVpeo.JyVd8Jn9mhq/ls9tg4.', 'ליאל', 'טובול', '', 'buyer', '1754907576516_46794687946789.jpg', NULL, NULL, NULL, NULL, NULL, NULL, NULL, NULL, 'active', '2025-07-22 14:11:25', NULL),
(6, 'loren123@gmail.com', '208067956', '$2b$10$xLwg0qEjUKAqaBI4JxmQ1.jiUTzHqKj8V3QeC.pTQklVPQujSR9sy', 'loren', 'taboll', '+972525353456', 'seller', NULL, NULL, NULL, NULL, NULL, NULL, NULL, NULL, '', 'active', '2025-07-22 14:11:25', NULL),
(7, 'mai123@gmail.com', '204534565', '$2b$10$qg5A8hEYm.pW8ELHx12GZ.GZ7rtxgAcYuAUN6tL0OVlQtSBJvKjLu', 'מאי', 'גלילי', '+972526666666', 'seller', 'ba35640a50358462e9ee62b892f27a8d', NULL, 'ישראל', '12345', 'כפר ביאליק', 'מיכאל', '19', '1', NULL, 'active', '2025-07-22 14:11:25', 'delivery'),
(8, 'mori123@gmail.com', '123454231', '$2b$10$hZ8VAx3Q1.I2ObfPvTZ2HeemaPPtNujiQOe6DLQqFNhWqCms3Q/lG', 'מורי', 'וסרמן', '+972521234567', 'seller', '1750613043307_1-17-1024x611 (1).jpeg', NULL, 'ישראל', '3456445', 'נשר ', 'יעל', '10', '5', '', 'active', '2025-07-22 14:11:25', 'delivery+pickup'),
(9, 'niv12345@gmail.com', '12345232', '$2b$10$w598euryn2F33blL.UhcK.Bec1Qk98ZvWvDtACu/b527LKEZO22.O', 'niv', 'bra', '+972507777777', 'buyer', '1750594498421__339410_11__1_1.jpg', NULL, NULL, '1232334', 'קרית אתא', 'מוצקין', '10', '5', NULL, 'active', '2025-07-22 14:11:25', NULL),
(10, 'ofir123@gmail.com', '444444444', '$2b$10$qlKMaopQZ1ehg8GIXeyw/e7rGPBVNnGLMbpTemn7xP8bycG5iIwQG', 'אופיר', 'יצחק', '+972524444444', 'seller', '1756196744454_76355520.jpg', NULL, 'ישראל', '3333333', 'אביחיל ', 'הדקל', '12', '0', NULL, 'active', '2025-07-22 14:11:25', 'delivery'),
(11, 'orel123@gmail.com', NULL, '$2b$10$1PxDyDcqFTkz1TpskTajYOvSmWDeSi90V4PUK8QKp3oytVjGyoKfW', 'orel', 'hadad', '', 'buyer', NULL, NULL, NULL, NULL, NULL, NULL, NULL, NULL, NULL, 'blocked', '2025-08-01 14:11:25', NULL),
(12, 'rivka123@gmail.com', '222222222', '$2b$10$pCA1KGml1B2dDijUckowTuXpvr8GIBDBcroyUzByrbcIc3V9IWdLu', 'rivka', 'amar', '+972534444444', 'seller', '1756636251285_343759476.jpg', NULL, 'ישראל', '1111111', 'אביטל ', 'אביטל', '12', '0', '1756636925374_188355269.jpg', 'active', '2025-07-22 14:11:25', 'delivery'),
(13, 'roei123@gmail.com', '234545342', '$2b$10$O3B.Y4745Wh582gpDSLaM.BVAJOhq/8HgTG1hn25CEZeZ4LkeuB/O', 'roei', 'gruber', '', 'buyer', '1749375562006_1-17-1024x611 (1).jpeg', NULL, NULL, NULL, NULL, NULL, NULL, NULL, NULL, 'active', '2025-07-22 14:11:25', NULL),
(14, 'tubul65431@gmail.com', '208083469', '$2b$10$svqsyYnyolWq3HAaP9Z27ukCWVRLjDSayQS5y4.Et84aYAkRHbylO', 'לידור', 'טובול', '+972535353869', 'seller', '1750346749045_16740352ef9e87889dee6621d96a5ee7.webp', 3.7, 'ישראל', '234544', 'שלומי ', 'חורשת האקליפטוס', '213', '1111', NULL, 'active', '2025-07-22 14:11:25', 'delivery+pickup'),
(15, 'yael123@gmail.com', '123456789', '$2b$10$lo7C.yteGNZoOjmmaBgiouPGOwQwf7MnnjjvBLmIACm1ufHMvIhlq', 'yael', 'golan', '', 'admin', NULL, NULL, NULL, NULL, NULL, NULL, NULL, NULL, NULL, 'active', '2025-07-22 14:11:25', NULL),
(16, 'yarin123@gmail.com', '111111111', '$2b$10$NvAHIXpj7gIl/ue/NLO2zuxG6y5hwoy19/BxOCtCL4KvzQXs0Qeda', 'ירין', 'זקס', '+972539998888', 'seller', '1756633024654_811566502.jpg', NULL, 'ישראל', '1111111', 'קרית ים ', 'לח\"י', '5', '0', NULL, 'active', '2025-07-22 14:11:25', 'delivery+pickup'),
(17, 'nor@segev-net.co.il', '201234234', '$2b$10$JXojIHpM6FyvwdC2HDM2VeBnWQWhraneS0Ba2VZsfjWUBTi7liE4i', 'ניב', 'בראונשטיין', '+972525555555', 'seller', '1753349183088_BidSmartLogo.jpg', NULL, NULL, '2343223', 'קרית אתא ', 'לילינבלום', '10', '13', NULL, 'active', '2025-07-24 12:26:06', 'delivery'),
(18, 'lielosh1346@gmail.com', '212759575', '$2b$10$HnZ0.Xtmq/J1r.OxoFgU/eTi4QjeC4PAfSNME3dSHBGa8oR4WjPFS', 'ליאל', 'טובול', '972508716361', 'seller', '1756668673651_33457579.jpg', NULL, NULL, NULL, NULL, NULL, NULL, NULL, NULL, 'active', '2025-08-31 22:23:36', 'delivery'),
(19, 'lihay123@gmail.com', '443344334', '$2b$10$Kb7Cv5c/VRkk9oUZ0j41.e2vTdohrieZtrSO32RguLuybhS0ckF1e', 'ליחי', 'טובול', '', 'buyer', '1757584125010_982079886.jpg', NULL, NULL, NULL, NULL, NULL, NULL, NULL, NULL, 'active', '2025-09-08 11:44:56', NULL),
(20, 'rut123@gmail.com', '121212121', '$2b$10$Wk1KzJ09gMrvWcDg5sp4wuhvLx8UyRJk69Z3xlu0KEnrW5CInAjui', 'רות', 'סויד', '', 'buyer', '1757581526609_309565661.jpg', NULL, NULL, NULL, NULL, NULL, NULL, NULL, NULL, 'active', '2025-09-11 12:03:32', NULL),
(21, 'nadav1@gmail.com', '333322222', '$2b$10$ItWFZB.QxkKz25P4Vl3FIup6JnHbsZPqOanyZqjbclX22c5xpRCOa', 'נדב', 'סייג', '', 'buyer', '1757582521334_20572428.jpg', NULL, NULL, NULL, NULL, NULL, NULL, NULL, NULL, 'active', '2025-09-11 12:21:43', NULL),
(22, 'roni123@gmail.com', '112233445', '$2b$10$7Zk51OJ1imPIdw8UBRaDZ.ifVP0Vx2fLDKgisin150nbhz/7LPp7u', 'רוני', 'לוי', '', 'buyer', '1757582706095_911271120.jpg', NULL, NULL, NULL, NULL, NULL, NULL, NULL, NULL, 'active', '2025-09-11 12:24:48', NULL),
(23, 'gil123@gmail.com', '334455444', '$2b$10$Km7IMGpLZ3fzkblOuOa8/OagkCzUzFZUt1e2zLvRMeWPZzkFxOIwC', 'גיל', 'חדד', '+972547777777', 'buyer', '1757583272955_136347629.jpg', NULL, NULL, '1111111', 'נצרת', 'ביר אל אמיר', '1', '10', NULL, 'active', '2025-09-11 12:34:19', NULL),
(24, 'yoad123@gmail.com', '223344112', '$2b$10$Isna9gwkxSRIxGSdXs2lxeruEL1IXIuFenQ8jM8gr12EJsOn34jzu', 'יועד', 'חלפון', '972523332211', 'seller', '1757597218897_517224348.jpg', NULL, 'ישראל', '1121112', 'אבטליון', 'אבטליון', '11', '11', NULL, 'active', '2025-09-11 16:26:39', 'delivery+pickup'),
(25, 'ram123@gmail.com', NULL, '$2b$10$u1FUcLtXkK5qHiNPngymWeQQ5bBJiXPwIAgq4mOWiErrtZnEM4t.G', 'רם', 'כץ', '', 'buyer', NULL, NULL, NULL, NULL, NULL, NULL, NULL, NULL, NULL, 'active', '2025-09-14 20:18:56', NULL);

--
-- Indexes for dumped tables
--

--
-- אינדקסים לטבלה `categories`
--
ALTER TABLE `categories`
  ADD PRIMARY KEY (`id`);

--
-- אינדקסים לטבלה `product`
--
ALTER TABLE `product`
  ADD PRIMARY KEY (`product_id`),
  ADD KEY `seller_id_number` (`seller_id_number`),
  ADD KEY `fk_category_id` (`category_id`),
  ADD KEY `fk_subcategory_id` (`subcategory_id`);

--
-- אינדקסים לטבלה `product_images`
--
ALTER TABLE `product_images`
  ADD PRIMARY KEY (`image_id`),
  ADD KEY `product_id` (`product_id`);

--
-- אינדקסים לטבלה `quotation`
--
ALTER TABLE `quotation`
  ADD PRIMARY KEY (`quotation_id`),
  ADD UNIQUE KEY `product_id_2` (`product_id`,`buyer_id_number`),
  ADD KEY `product_id` (`product_id`),
  ADD KEY `buyer_id_number` (`buyer_id_number`);

--
-- אינדקסים לטבלה `sale`
--
ALTER TABLE `sale`
  ADD PRIMARY KEY (`sale_id`),
  ADD UNIQUE KEY `product_id` (`product_id`);

--
-- אינדקסים לטבלה `subcategories`
--
ALTER TABLE `subcategories`
  ADD PRIMARY KEY (`id`),
  ADD KEY `category_id` (`category_id`);

--
-- אינדקסים לטבלה `tickets`
--
ALTER TABLE `tickets`
  ADD PRIMARY KEY (`ticket_id`),
  ADD KEY `idx_tickets_type` (`type_message`),
  ADD KEY `idx_tickets_status` (`status`),
  ADD KEY `idx_tickets_product` (`product_id`),
  ADD KEY `idx_tickets_related` (`related_ticket_id`),
  ADD KEY `idx_tickets_updated` (`updated_at`);

--
-- אינדקסים לטבלה `ticket_messages`
--
ALTER TABLE `ticket_messages`
  ADD PRIMARY KEY (`message_id`),
  ADD KEY `idx_tm_ticket_created` (`ticket_id`,`created_at`);

--
-- אינדקסים לטבלה `users`
--
ALTER TABLE `users`
  ADD PRIMARY KEY (`id`),
  ADD UNIQUE KEY `email` (`email`),
  ADD UNIQUE KEY `id_number` (`id_number`);

--
-- AUTO_INCREMENT for dumped tables
--

--
-- AUTO_INCREMENT for table `categories`
--
ALTER TABLE `categories`
  MODIFY `id` int(11) NOT NULL AUTO_INCREMENT, AUTO_INCREMENT=11;

--
-- AUTO_INCREMENT for table `product`
--
ALTER TABLE `product`
  MODIFY `product_id` int(11) NOT NULL AUTO_INCREMENT, AUTO_INCREMENT=91;

--
-- AUTO_INCREMENT for table `product_images`
--
ALTER TABLE `product_images`
  MODIFY `image_id` int(11) NOT NULL AUTO_INCREMENT, AUTO_INCREMENT=93;

--
-- AUTO_INCREMENT for table `quotation`
--
ALTER TABLE `quotation`
  MODIFY `quotation_id` int(11) NOT NULL AUTO_INCREMENT, AUTO_INCREMENT=313;

--
-- AUTO_INCREMENT for table `sale`
--
ALTER TABLE `sale`
  MODIFY `sale_id` int(11) NOT NULL AUTO_INCREMENT, AUTO_INCREMENT=111;

--
-- AUTO_INCREMENT for table `subcategories`
--
ALTER TABLE `subcategories`
  MODIFY `id` int(11) NOT NULL AUTO_INCREMENT, AUTO_INCREMENT=37;

--
-- AUTO_INCREMENT for table `users`
--
ALTER TABLE `users`
  MODIFY `id` int(11) NOT NULL AUTO_INCREMENT, AUTO_INCREMENT=26;

--
-- הגבלות לטבלאות שהוצאו
--

--
-- הגבלות לטבלה `product`
--
ALTER TABLE `product`
  ADD CONSTRAINT `fk_category_id` FOREIGN KEY (`category_id`) REFERENCES `categories` (`id`),
  ADD CONSTRAINT `fk_subcategory_id` FOREIGN KEY (`subcategory_id`) REFERENCES `subcategories` (`id`),
  ADD CONSTRAINT `product_ibfk_1` FOREIGN KEY (`seller_id_number`) REFERENCES `users` (`id_number`);

--
-- הגבלות לטבלה `product_images`
--
ALTER TABLE `product_images`
  ADD CONSTRAINT `product_images_ibfk_1` FOREIGN KEY (`product_id`) REFERENCES `product` (`product_id`) ON DELETE CASCADE;

--
-- הגבלות לטבלה `quotation`
--
ALTER TABLE `quotation`
  ADD CONSTRAINT `quotation_ibfk_1` FOREIGN KEY (`product_id`) REFERENCES `product` (`product_id`),
  ADD CONSTRAINT `quotation_ibfk_2` FOREIGN KEY (`buyer_id_number`) REFERENCES `users` (`id_number`) ON UPDATE CASCADE;

--
-- הגבלות לטבלה `sale`
--
ALTER TABLE `sale`
  ADD CONSTRAINT `sale_ibfk_1` FOREIGN KEY (`product_id`) REFERENCES `product` (`product_id`);

--
-- הגבלות לטבלה `subcategories`
--
ALTER TABLE `subcategories`
  ADD CONSTRAINT `subcategories_ibfk_1` FOREIGN KEY (`category_id`) REFERENCES `categories` (`id`);

--
-- הגבלות לטבלה `tickets`
--
ALTER TABLE `tickets`
  ADD CONSTRAINT `fk_tickets_parent` FOREIGN KEY (`related_ticket_id`) REFERENCES `tickets` (`ticket_id`) ON UPDATE CASCADE,
  ADD CONSTRAINT `fk_tickets_product` FOREIGN KEY (`product_id`) REFERENCES `product` (`product_id`) ON DELETE SET NULL ON UPDATE CASCADE;

--
-- הגבלות לטבלה `ticket_messages`
--
ALTER TABLE `ticket_messages`
  ADD CONSTRAINT `fk_tm_ticket` FOREIGN KEY (`ticket_id`) REFERENCES `tickets` (`ticket_id`) ON DELETE CASCADE ON UPDATE CASCADE;
COMMIT;

/*!40101 SET CHARACTER_SET_CLIENT=@OLD_CHARACTER_SET_CLIENT */;
/*!40101 SET CHARACTER_SET_RESULTS=@OLD_CHARACTER_SET_RESULTS */;
/*!40101 SET COLLATION_CONNECTION=@OLD_COLLATION_CONNECTION */;
